Urban Oasis Mineral Spa,www.urbanoasismineralspa.com,,204-783-8131,1445 Portage Avenue,Winnipeg,MB ,R3G 3P4,spa
Tae Ryong Park Academy,www.trpacademy.com,,204-477-5425,95 Scurfield Boulevard,Winnipeg,MB ,R3Y 1G4,martial+arts
Tiger Claw Kung-Fu School,www.tigerclaw.ca,,204-942-4829,55 Arthur Street,Winnipeg,MB ,R3B 1H1,martial+arts
Strada Personal Spa,www.stradapersonalspa.com,,204-953-3620,445 Stradbrook Avenue,Winnipeg,MB ,R3L 0J7,spa
,www.spaworkswinnipeg.ca,,204-783-8827,942 St James Street,Winnipeg,MB ,R3H 0K3,spa
,www.plessisphysiotherapy.ca,,204-222-2432,14-801 Regent Avenue West,Winnipeg,MB ,R2C 3A7,physiotherapist
Image Plus Laser Eye Centre,www.imageplus.ca,info@imageplus.ca,1-800-362-8711,1015 233 Kennedy St,Winnipeg,MB ,R3C 3J5,eye
Fort Rouge Dental Group,www.fortrougedentalgroup.ca,,204-284-8216,566 Osborne Street,Winnipeg,MB ,R3L 2B4,eye
For Eyes Optical Boutique,www.foreyesoptical.ca,,204-889-7408,2090 Corydon,Tuxedo Junction,Win,innipeg,eye
Acupuncture & Chinese Medical Centre,www.drshi.ca,,204-947-1179,305-225 Vaughan Street,Winnipeg,MB ,R3C 1T7,acupuncture
,www.crownspas.com,,204-783-8501,100 King Edward Street East,Winnipeg,MB ,R3H 0N8,spa
Buffie & Co Salon Spa,www.buffieandcompany.com,,204-334-2833,Suite 8-2539 Main St,West Kildonan,MB ,R2V 4G4,spa
,www.birthrootsdoulas.com,info@birthrootsdoulas.com,204-792-6769,206-83 Sherbrook Street,Winnipeg,MB ,R3C 2B2,yoga
All Seniors Care Living Centres,www.allseniorscare.com,,204-885-1415,10 Hallonquist Dr,Winnipeg,MB ,R2Y 2M5,physiotherapist
Affordable Day Spa,www.affordabledayspa.ca,,204-339-4070,1-1790 Main Street,Winnipeg,MB ,R2V 2A1,spa
Kashin Optometric Group (KOG Eyecare),,,1-877-443-9267,Lombard Concourse 1 Lombard,Winnipeg,MB,,eye
Riverstone Spa,,,1-877-377-4100,75 Forks Market Road,Winnipeg,MB ,R3C 0A2,spa
,,,1-866-931-9008,7-1514 Regent Avenue West,Winnipeg,MB ,R2C 3B4,spa
,,,1-866-807-7514,1761 Pembina Highway,Winnipeg,MB ,R3T 2G6,spa
Elkhorn Resort Spa & Conference Centre,,,1-866-355-4676,Mooswa Dr E,Onanole,MB ,R0J 1N0,spa
Fitness Experience,,,1-800-775-6032,640 King Edward Street,Winnipeg,MB ,R3H 0P2,fitness
,,,1-800-361-6173,150,Rue King,Mon,ontreal,martial+arts
Shapes Women's Fitness Centres,,,204-989-7100,18-1910 Pembina Highway,Winnipeg,MB ,R3T 4S5,fitness
Shapes Fitness Centres,,,204-989-7050,21-1910 Pembina Highway,Winnipeg,MB ,R3T 4S5,fitness
F 3 Fitness Fun Fashion,,,204-989-6696,1910 Pembina Hwy,Winnipeg,MB ,R3T 4S5,fitness
Shapes Fitness Centres,,,204-989-6695,10-1150 Nairn Avenue,Winnipeg,MB ,R2L 0Y5,fitness
Shapes Fitness Centres,,,204-989-6628,11-1150 Nairn Avenue,Winnipeg,MB ,R2L 0Y5,fitness
,,,204-989-5316,427 McPhillips Street,Winnipeg,MB ,R2X 2Z8,fitness
Concourse Chiropractic & Massage Therapy,,,204-989-2225,36-1 Lombard Place,Winnipeg,MB ,R3B 0X3,acupuncture
Howdle McLean Physiotherapy,,,204-987-9222,534 Waterloo Street,Winnipeg,MB ,R3N 0T1,acupuncture
,,,204-985-0900,1851 Grant,Tuxedo,MB ,R3N 2A4,spa
,,,204-982-9600,135 Roslyn Road,Winnipeg,MB ,R3L 0G7,fitness
River East Physiotherapy & Sports Fitness Clinic,,,204-982-9195,1204 Rothesay Street,Winnipeg,MB ,R2G 1T7,acupuncture
River East Physiotherapy & Sports Fitness Clinic,,,204-982-9191,1215A Henderson Highway,Winnipeg,MB ,R2G 1L8,physiotherapist
Nova Physiotherapy Women's Health Centre,,,204-982-9177,714-233 Kennedy Street,Winnipeg,MB ,R3C 3J5,physiotherapist
Nova Physiotherapy & Sports Fitness Clinic,,,204-982-9176,714 Medical Arts Bldg,Winnipeg,MB ,R3C 3J5,physiotherapist
,,,204-975-1555,107-912 Portage Avenue,Winnipeg,MB ,R3G 0P5,fitness
Horizon Eye Care,,,204-957-7343,249-393 Portage Avenue,Winnipeg,MB ,R3B 3H6,eye
,,,204-957-5270,591 Notre Dame Avenue,Winnipeg,MB ,R3B 1S6,spa
David I Hoffman Optical,,,204-957-1429,428 Portage Ave,Winnipeg,MB ,R3C 0E2,eye
Vault Salon & Spa,,,204-957-1100,100-52 Albert Street,Winnipeg,MB ,R3B 1E8,spa
Gupta Eye Centre,,,204-956-2222,202-388 Portage Avenue,Winnipeg,MB ,R3C 0C8,eye
,,,204-953-2020,2-835 Dakota Street,Winnipeg,MB ,R2M 5M2,eye
Ness Physiotherapy & Sports Injury Clinic,,,204-953-1655,2143 Portage Avenue,Winnipeg,MB ,R3J 0L4,acupuncture
Ness Physiotherapy & Sports Injury Clinic,,,204-953-1650,3236 Portage Avenue,Winnipeg,MB ,R3K 0Y9,physiotherapist
Bill Sparling & Associates,,,204-949-9569,711-177 Lombard Ave,Winnipeg,MB ,R3B 0W5,spa
Western Surgery Centre,,,204-947-9322,189 Vaughan Street,Winnipeg,MB ,R3C 1T4,eye
Fastenating Eyewear,,,204-947-1199,Suite 2B-394 Graham Ave,Winnipeg,MB ,R3C 0L4,eye
Graham Physiotherapy & Sports Injury Clinic,,,204-947-0855,425 St Mary Avenue,Winnipeg,MB ,R3C 0N2,physiotherapist
Acupuncture Chinese Massage & Herbal Medicine Clinic by Sun,,,204-946-5970,204-309 Hargrave Street,Winnipeg,MB ,R3B 2J8,acupuncture
Eyetech Lasik Clinic,,,204-946-5595,250 Portage Avenue,Winnipeg,MB ,R3C 0B1,eye
,,,204-946-5515,179 McDermot Avenue,Winnipeg,MB ,R3B 0S1,spa
Berns & Black Salons & Spa,,,204-944-8454,468 Main Street,Winnipeg,MB ,R3B 1B6,spa
Bikram Yoga Winnipeg,,,204-944-8313,374 Donald Street,Winnipeg,MB ,R3B 2J2,yoga
In Motion Fitness Club,,,204-944-7234,350 St Mary Avenue,Winnipeg,MB ,R3C 3J2,fitness
Kang's Academy,,,204-944-0261,845 King Edward Street,Winnipeg,MB ,R3H 0P8,martial+arts
Concourse Sports/Ergonomic Physiotherapy,,,204-943-8411,201 Portage Avenue,Winnipeg,MB ,R3B 3K6,physiotherapist
D'Arcy Bain Physiotherapy,,,204-943-7429,102-309 Hargrave Street,Winnipeg,MB ,R3B 2J8,physiotherapist
Silvia's Laser Acupuncture and Herbs Clinic,,,204-943-6878,106-180 King Street,Winnipeg,MB ,R3B 3G8,acupuncture
Image Plus Laser Eye Centre,,,204-943-6287,1015-233 Kennedy Street,Winnipeg,MB ,R3C 3J5,eye
Nature Doctors Naturopathic Family Medicine,,,204-943-6079,7-1200 Waverley Street,Winnipeg,MB ,R3T 0P4,naturopath
Body Shades The Works Salon & Spa,,,204-943-3811,100 Carlton Street,Winnipeg,MB ,R3C 1P2,spa
Barclay James Spa & Salon,,,204-943-3652,18-399 Graham Avenue,Winnipeg,MB ,R3C 0L3,spa
Andrea Vinci Physiotherapy,,,204-943-0100,203-171 Donald Street,Winnipeg,MB ,R3C 1M4,physiotherapist
,,,204-942-8741,120 Donald St,Winnipeg,MB ,R3C 4G2,fitness
,,,204-942-8251,222 Broadway,Winnipeg,MB ,R3C 0R3,spa
Green Spaces Environmental Consulting,,,204-942-6617,115-314 Broadway,Winnipeg,MB ,R3C 0S7,spa
Eyesite Optical,,,204-942-6385,250 Kennedy Street,Winnipeg,MB ,R3C 1T3,eye
Forever Young Spa Studio,,,204-942-6370,75-333 St Mary Avenue,Winnipeg,MB ,R3C 4A5,spa
Fairview Health & Wellness Clinic,,,204-942-3128,1850 Main Street,Winnipeg,MB ,R2V 3J4,chiropractor
Physiotherapy Works,,,204-942-2463,401-83 Garry Street,Winnipeg,MB ,R3C 4J9,physiotherapist
Legrand Winnipeg Ocular Prosthetics,,,204-942-0838,302-414 Graham Avenue,Winnipeg,MB ,R3C 0L8,eye
,,,204-942-0138,1215 Border Street,Winnipeg,MB ,R3H 0X9,spa
Roblin Fitness Club,,,204-937-8183,132 Main St NW,Roblin,MB ,R0L 1P0,fitness
,,,204-937-3440,141 2nd av NW,Roblin,MB ,R0L 1P0,spa
,,,204-937-2055,110 2nd av NW,Roblin,MB ,R0L 1P0,chiropractor
,,,204-927-7727,McGillivray At Perimeter,Oak Bluff,MB ,R0G 1N0,spa
,,,204-927-3937,5-1235 Pembina Highway,Winnipeg,MB ,R3T 2A9,eye
,,,204-927-2430,1373 Yukon Avenue,Winnipeg,MB ,R3G 0A2,spa
ADL Optical,,,204-925-9702,240 Graham Ave,Winnipeg,MB ,R3C 0J7,eye
Eyeland Optical,,,204-925-9500,17-30 Island Shore Boulevard,Winnipeg,MB ,R3X 1N8,eye
,,,204-925-2828,138-2025 Corydon Avenue,Winnipeg,MB ,R3P 0N5,eye
Sports Physiotherapy Centre,,,204-925-1554,75 Poseidon Bay,Winnipeg,MB ,R3M 3E4,physiotherapist
Susan Morrow Physiotherapy,,,204-925-0390,906 North Drive,Winnipeg,MB ,R3T 0A8,physiotherapist
Corydon Physiotherapy Clinic,,,204-925-0380,3354 Roblin Boulevard,Winnipeg,MB ,R3R 0C5,acupuncture
,,,204-918-9076,379 Bonner Avenue,Winnipeg,MB ,R2G 1B4,fitness
,,,204-897-4658,2577 Portage Avenue,Winnipeg,MB ,R3J 0P4,martial+arts
ADD Centre Attention & Concentration Training,,,204-897-4493,701 Pembina Highway,Winnipeg,MB ,R3M 2L7,fitness
,,,204-897-2900,30 Norlorne Drive,Winnipeg,MB ,R3R 2Y6,martial+arts
Anytime Fitness,,,204-896-6135,2361 Ness Avenue,Winnipeg,MB ,R3J 1A5,fitness
Stringer Martial Arts Centre,,,204-896-5425,827 Cavalier Drive,Winnipeg,MB ,R2Y 1C6,martial+arts
International Shotokan Karate Federation Of Manitoba,,,204-896-3354,5924 Roblin Boulevard,Winnipeg,MB ,R3R 0H3,martial+arts
City Looks Salon & Spa,,,204-896-3177,3900 Grant Ave,Charleswood,MB ,R3R 3C2,spa
Roblin Park Physiotherapy,,,204-895-4948,5905 Roblin Boulevard,Winnipeg,MB ,R3R 0G8,physiotherapist
Park West Fitness,,,204-895-3488,2627 Portage Avenue,Winnipeg,MB ,R3J 0P7,fitness
,,,204-889-9279,18-1391 St James Street,Winnipeg,MB ,R3H 0Z1,martial+arts
D'Arcy Bain Physiotherapy,,,204-889-8769,120-3025 Portage Avenue,Winnipeg,MB ,R3K 2E2,physiotherapist
Puressence Spa Salon,,,204-889-6634,1835 Portage Avenue,Winnipeg,MB ,R3J 0G7,spa
Image Fitness Centre,,,204-889-3009,2255G Ness Avenue,Winnipeg,MB ,R3J 0Z8,fitness
Charleswood Eye Centre,,,204-889-0602,3327 Roblin Boulevard,Winnipeg,MB ,R3R 0C2,eye
Body Options Ladies Fitness Centre,,,204-888-8889,3900 Grant Ave,Winnipeg,MB ,R3R 3C2,fitness
,,,204-888-5676,315 St Anne's Road,Winnipeg,MB ,R2M 3B1,martial+arts
,,,204-888-3548,14-160 Meadowood Drive,Winnipeg,MB ,R2M 5L6,physiotherapist
Interlake (Teulon) Chiropractic,,,204-886-2356,48 Main St,Teulon,MB ,R0C 3B0,chiropractor
Just For Looks Hair Salon & Spa,,,204-885-9518,1925 Ness Avenue,Winnipeg,MB ,R3J 3W4,spa
,,,204-885-8020,1845 Portage Avenue,Winnipeg,MB ,R3J 0G7,martial+arts
Roblin Family Chiropractic Centre,,,204-885-6640,C-3525 Roblin Boulevard,Winnipeg,MB ,R3R 0C6,chiropractor
,,,204-885-6333,159-99 Scurfield Boulevard,Winnipeg,MB ,R3Y 1Y1,spa
Healthview Therapy Centre,,,204-885-5864,5118 Roblin Boulevard,Winnipeg,MB ,R3R 0G9,physiotherapist
Sun Chiropractic Centre,,,204-885-4842,5-3421 Portage Avenue,Winnipeg,MB ,R3K 2C9,acupuncture
Kramp Chiropractic,,,204-885-3858,210-4910 Roblin Boulevard,Winnipeg,MB ,R3R 0G7,chiropractor
,,,204-885-2441,7-2727 Portage Avenue,Winnipeg,MB ,R3J 0R2,physiotherapist
Anna Dimarco Physical Therapy,,,204-885-1109,523 Harstone Road,Winnipeg,MB ,R3R 1C8,physiotherapist
Opus Day Spa,,,204-878-3851,Suite 106-1309 Dawson Rd,Lorette,MB ,R0A 0Y0,spa
Lorette Chiropractic Centre,,,204-878-3554,9-1321 Dawson Rd,Lorette,MB ,R0A 0Y0,chiropractor
Lorette Physiotherapy And Sport Injury Clinic,,,204-878-2064,5 411 Dawson Rd,Lorette,MB ,R0A 0Y0,physiotherapist
Tilson Place Salon & Spa,,,204-867-2533,71 2nd St Sw,Minnedosa,MB ,R0J 1E0,spa
Portage Family Eye Care,,,204-857-7697,61 Royal Road South,Portage La Prairie,MB ,R1N 1T8,eye
Royal Chiropractic Centre,,,204-857-4524,21 Royal Road South,Portage La Prairie,MB ,R1N 1T8,chiropractor
Harmony Naturopathic Health,,,204-856-0264,1609A Saskatchewan Avenue West,Portage La Prairie,MB ,R1N 0R4,naturopath
Total Wrapture Day Spa,,,204-837-9727,N-2255 Ness Avenue,Winnipeg,MB ,R3J 0Z8,spa
,,,204-837-8899,446 Brooklyn Street A,Winnipeg,MB ,R3J 1M7,spa
Fehr-Krahn's Complete Tae Kwon Do,,,204-837-8667,1403 Church Ave,Winnipeg,MB ,R2X 1G5,martial+arts
,,,204-837-7627,8-3900 Grant Avenue,Winnipeg,MB ,R3R 3C2,fitness
,,,204-832-9893,301 Park Boulevard North,Winnipeg,MB ,R3P 0G8,spa
Kim's Oriental Clinic,,,204-832-3222,A-1811 Portage Avenue,Winnipeg,MB ,R3J 0G2,acupuncture
Eye Tec Enterprises,,,204-832-1715,835 Cavalier Drive,Winnipeg,MB ,R2Y 1C6,eye
,,,204-831-7940,3073 Ness Avenue,Winnipeg,MB ,R2Y 2G3,yoga
Charleswood Chiropractic Office,,,204-831-6112,3404 Roblin Boulevard,Winnipeg,MB ,R3R 0C7,chiropractor
Shear Bliss Salon & Day Spa,,,204-822-8077,C-180 5th Street,Morden,MB ,R6M 1C9,spa
Grass Roots Chiropractic & Wellness Centre,,,204-822-6770,384 Stephen Street,Morden,MB ,R6M 1T5,chiropractor
Boundary Trails Chiropractic Centre,,,204-822-6464,1-34 Stephen Street,Morden,MB ,R6M 2G3,chiropractor
McKenna Salon & Spa,,,204-822-1328,310 Stephen Street,Morden,MB ,R6M 1T5,spa
Lions Eye Bank and Foundation Office,,,204-788-8507,103-691 Wolseley Avenue,Winnipeg,MB ,R3G 1C3,eye
Armstrong & Small Eye Care Centre,,,204-786-8991,1140 Portage Avenue,Winnipeg,MB ,R3G 0S7,eye
,,,204-786-6100,110-112 King Edward Street East,Winnipeg,MB ,R3H 0N8,fitness
St James Rehabilitation Physiotherapy Center,,,204-786-5944,101-894 St James Street,Winnipeg,MB ,R3G 3J7,physiotherapist
,,,204-786-5891,1175 Sherwin Road,Winnipeg,MB ,R3H 0V1,eye
Revitalize Soul Spa,,,204-785-8922,225 Clandeboye Avenue,Selkirk,MB ,R1A 0X2,spa
Superior Fitness,,,204-785-1497,209A Superior Avenue,Selkirk,MB ,R1A 0Z7,fitness
Prana Yoga Studio,,,204-784-9471,201-987 Portage Avenue,Winnipeg,MB ,R3G 0R7,yoga
Horizon Chiropractic,,,204-784-5400,101-1311 Portage Avenue,Winnipeg,MB ,R3G 0V3,chiropractor
,,,204-784-0314,2181 Portage Avenue,Winnipeg,MB ,R3J 0L7,spa
Arlington Chiropractic Office,,,204-783-8474,9-794 Sargent Avenue,Winnipeg,MB ,R3E 0B7,chiropractor
,,,204-783-6195,1150 Sherburn Street,Winnipeg,MB ,R3E 2N4,spa
,,,204-783-5292,1393 Border Street,Winnipeg,MB ,R3H 0N1,spa
,,,204-783-4567,1 B-2020 Portage Ave,Winnipeg,MB ,R3J 0K4,fitness
,,,204-783-4010,655 Westminster Avenue,Winnipeg,MB ,R3C 0Z3,spa
A Natural Wellness Chiropractic Centre,,,204-783-1880,104-912 Portage Avenue,Winnipeg,MB ,R3G 0P5,chiropractor
,,,204-783-1112,1170 St James Street B,Winnipeg,MB ,R3H 0K7,spa
Dona Watts-Hutchings Physical Therapy & Pilates,,,204-782-9512,1895A Grant Avenue,Winnipeg,MB ,R3N 1Z2,physiotherapist
Sound Touch Therapeutic Massage,,,204-782-2084,205-161 Stafford Street,Winnipeg,MB ,R3M 2W9,physiotherapist
Hot Yoga Winnipeg,,,204-779-9642,202-301 Nassau Street North,Winnipeg,MB ,R3L 2J5,yoga
Yoga North,,,204-779-6895,109 Pulford Street,Winnipeg,MB ,R3L 1X8,yoga
,,,204-779-1155,600 Mission St,St Boniface,MB ,R2J 0A2,fitness
Laban Fitness,,,204-778-8181,6-50 Selkirk Avenue,Thompson,MB ,R8N 0M7,fitness
,,,204-778-6000,21 Thompson Drive North,Thompson,MB ,R8N 2B5,fitness
Better Body Fitness,,,204-778-5533,73 Hayes Road,Thompson,MB ,R8N 1M3,fitness
,,,204-778-3793,725 Thompson Drive,Thompson,MB ,R8N 0C7,spa
,,,204-778-3513,27 Nelson Road,Thompson,MB ,R8N 0B3,spa
Transcona Chiropractic Wellness Centre,,,204-777-9355,Suite 7-1783 Plessis,Transcona,MB,,chiropractor
Cornerstone Chiropractic,,,204-777-5433,55-11 Reenders Drive,Winnipeg,MB ,R2C 5K5,chiropractor
Chic Nails & Spa,,,204-777-2442,75 Goulet Street,Winnipeg,MB ,R2H 0R5,spa
East St Paul Family Chiropractic,,,204-777-2225,Suite F-3133 Bird's Hill Rd,Eat St Paul,MB ,R2E 1G4,chiropractor
,,,204-777-1190,Suite 1-1190 Taylor Ave,Winnipeg,MB ,R3M 3Z4,spa
,,,204-775-7008,Suite 3-88 Sherbrook St,Winnipeg,MB ,R3C 2B3,fitness
,,,204-775-4539,578 Broadway,Winnipeg,MB ,R3C 0W5,naturopath
Source Yoga Studios,,,204-775-2871,213 1/2 Osborne Street,Winnipeg,MB ,R3L 1Z4,yoga
AAHC-Ankang Acupuncture Healing Centre,,,204-775-2266,689 St Mary's Road,Winnipeg,MB ,R2M 3M8,acupuncture
Dornn Eye Care & Optical Gallery,,,204-775-2020,1847 Portage Avenue,Winnipeg,MB ,R3J 0G7,eye
,,,204-775-1776,402-576 McDermot Avenue,Winnipeg,MB ,R3A 0C4,spa
West End Family Chiropractic,,,204-775-0536,947 Valour Road,Winnipeg,MB ,R3G 3B8,chiropractor
,,,204-775-0097,1271 Dominion Street,Winnipeg,MB ,R3E 2P9,spa
,,,204-774-9100,894 Sargent Avenue,Winnipeg,MB ,R3E 0C7,acupuncture
Midwest Karate Traditional JKA,,,204-774-8828,902 Home Street,Winnipeg,MB ,R3E 2C8,martial+arts
Beverly Physiotherapy & Sports Injuries Clinic,,,204-774-8385,747 Ellice Avenue,Winnipeg,MB ,R3G 0B5,acupuncture
,,,204-774-7727,151 Scurfield Boulevard,Winnipeg,MB ,R3Y 1L6,spa
,,,204-774-6245,871 Wall Street,Winnipeg,MB ,R3G 2T9,spa
GOJO Fitness Centre,,,204-774-4624,936 Sherbrook Street,Winnipeg,MB ,R3A 1N2,fitness
Westminster Chiropractic Clinic,,,204-774-4296,98 Sherbrook Street,Winnipeg,MB ,R3C 2B3,chiropractor
Kristhetics Day Spa & Tanning,,,204-773-3806,115 Westbourne St E,Russell,MB ,R0J 1W0,spa
,,,204-772-5667,2-88 Sherbrook Street,Winnipeg,MB ,R3C 2B3,naturopath
,,,204-772-2599,349 Wardlaw Ave,Winnipeg,MB ,R3L 0L5,martial+arts
,,,204-772-1900,53 Keewatin Street,Winnipeg,MB ,R3E 3C2,fitness
Sikaran School Of Martial Arts,,,204-772-1561,80 Sherbrook Street,Winnipeg,MB ,R3C 2B3,martial+arts
Yan Acupuncture & Chinese Medical Clinic,,,204-772-0599,105-912 Portage Avenue,Winnipeg,MB ,R3G 0P5,acupuncture
First Choice Fitness,,,204-772-0503,1133 Empress Street,Winnipeg,MB ,R3E 3H1,fitness
Portage Avenue Chiropractic Office,,,204-772-0441,1137 Portage Avenue,Winnipeg,MB ,R3G 0S9,chiropractor
Westman Acupuncture Medical Clinic,,,204-761-5038,624B 18th St,Brandon,MB ,R7A 5A5,acupuncture
,,,204-754-3319,104008 Pth 59,Grand Beach,MB,,spa
Core Action Fitness And Rehab,,,204-753-2653,S2 24 Aberdeen av,Pinawa,MB ,R0E 1L0,fitness
,,,204-748-3561,150125 Road 60N,Virden,MB ,R0M 2C0,spa
,,,204-748-2223,320 Frontage Rd W,Virden,MB ,R0M 2C0,fitness
Fitness Resolution,,,204-748-1415,251 Nelson St W,Virden,MB ,R0M 2C0,fitness
Morris Wellness Center,,,204-746-6029,380 Main St S,Morris,MB ,R0G 1K0,fitness
Family Physiotherapy Clinic,,,204-736-3374,23 Railway Ave,Sanford,MB ,R0G 2J0,physiotherapist
,,,204-729-8827,2500 Park Avenue,Brandon,MB ,R7B 0S3,spa
,,,204-729-8307,918 Rosser Avenue,Brandon,MB ,R7A 0L4,eye
,,,204-728-9140,2015A Brandon Avenue,Brandon,MB ,R7B 4E5,acupuncture
Focus Physiotherapy And Sports Injury Clinic,,,204-728-1212,H-759 1st Street,Brandon,MB ,R7A 2X5,physiotherapist
Optimal Care Wellness Clinic,,,204-727-8100,2533 Victoria Avenue,Brandon,MB ,R7B 0M6,acupuncture
Haven Salon & Spa,,,204-727-7773,3310 Victoria Avenue,Brandon,MB ,R7B 0N2,spa
PhysioFirst,,,204-727-6806,1129 19th Street,Brandon,MB ,R7B 3W2,physiotherapist
Varsity Eye Centre,,,204-727-5438,335 18th Street,Brandon,MB ,R7A 5A8,eye
West-Fit Physiotherapy & Sports Injury Clinic,,,204-727-4753,20-1015 26th Street,Brandon,MB ,R7B 2B9,physiotherapist
Brandon Acupuncture Chinese Massage & Herbal Centre,,,204-727-2800,144 6th Street,Brandon,MB ,R7A 3N2,acupuncture
,,,204-727-2776,2-20 18th Street,Brandon,MB ,R7A 5A3,chiropractor
Ye Chinese Traditional Medicine Clinic,,,204-727-1845,628 Lorne Avenue,Brandon,MB ,R7A 0T3,acupuncture
Frederickson Performance Centre,,,204-726-9314,F-1212 18th Street,Brandon,MB ,R7A 5C3,physiotherapist
Vigi Salon & Spa,,,204-726-1717,724 10th Street,Brandon,MB ,R7A 4G8,spa
Wendy Brownlie Physiotherapy,,,204-725-2467,19 Viceroy Crescent,Brandon,MB ,R7B 3N4,physiotherapist
Dynamic Physiotherapy & Sports Injury Clinic,,,204-725-2098,2-1100 Richmond Avenue,Brandon,MB ,R7A 1M6,physiotherapist
,,,204-725-1682,42 McTavish Avenue East,Brandon,MB ,R7A 2B2,eye
Canada Nails & Spa,,,204-725-1335,34-1570 18th Street,Brandon,MB ,R7A 5C5,spa
Lylas Poulton Personal Training,,,204-725-1212,2-1502 Rosser Avenue,Brandon,MB ,R7A 0M6,fitness
Victoria Chiropractic Centre,,,204-725-0151,456 McDiarmid Drive,Brandon,MB ,R7B 2H4,chiropractor
Kirin Taekwon-Do Club,,,204-724-5933,126 10th Street,Brandon,MB ,R7A 4E6,martial+arts
T K Martial Arts,,,204-697-0277,1403 Church Avenue,Winnipeg,MB ,R2X 1G5,martial+arts
Garden Oaks Chiropractic,,,204-694-9493,6-2136 McPhillips Street,Winnipeg,MB ,R2V 3C8,chiropractor
,,,204-694-8888,2-1349 Border Street,Winnipeg,MB ,R3H 0N1,fitness
Goodlife Fitness Club,,,204-694-7795,17-2136 McPhillips Street,Winnipeg,MB ,R2V 3C8,fitness
Adam And Eve Personal Spa,,,204-694-7727,1305 Leila Ave,West Kildonan,MB ,R2P 2E2,spa
Inkster Park Physiotherapy,,,204-694-5359,76 Mandalay Drive,Winnipeg,MB ,R2P 1V8,physiotherapist
D'Arcy Bain Physiotherapy,,,204-694-2337,100-2200 McPhillips Street,Winnipeg,MB ,R2V 3P4,physiotherapist
Wushu Manitoba Training Centre,,,204-694-1018,41-360 Keewatin Street,Winnipeg,MB ,R2X 2Y3,martial+arts
Chiropractic On Main,,,204-687-4092,78 Main Street,Flin Flon,MB ,R8A 1J8,chiropractor
Linda Toews Returnative Therapies,,,204-677-9112,1223 Ospwagon Drive,Thompson,MB ,R8N 1R3,yoga
,,,204-677-5551,27 Selkirk Avenue,Thompson,MB ,R8N 0M5,eye
,,,204-677-2371,1 Public Road,Thompson,MB ,R8N 0M3,fitness
City Vision Opticians,,,204-677-2020,33-50 Selkirk Avenue,Thompson,MB ,R8N 0M7,eye
Top Service Nail Salon & Spa,,,204-669-9010,705 Sargent Ave,Winnipeg,MB ,R3E 0A8,spa
Rossmere Chiropractic Centre,,,204-669-7689,899 Henderson Highway,Winnipeg,MB ,R2K 2L8,chiropractor
Sport & Spine Physiotherapy Center,,,204-669-6620,445 Henderson Highway,Winnipeg,MB ,R2K 2H5,physiotherapist
,,,204-669-2887,103-1111 Munroe Avenue,Winnipeg,MB ,R2K 3Z5,spa
Pop N Eye Collectibles,,,204-669-2668,377 Henderson Highway,Winnipeg,MB ,R2K 2H2,eye
Integrated Chiropractic & Wellness Centre,,,204-667-8331,232 Henderson Highway B,Winnipeg,MB ,R2L 1L9,chiropractor
Kisil Chiropractic Centre,,,204-667-6555,334 Nairn Avenue,Winnipeg,MB ,R2L 0W9,chiropractor
Fingers And Toes Day Spa,,,204-667-6245,809 Henderson Highway,Winnipeg,MB ,R2K 2L2,spa
Chief Peguis Health & Fitness Centre,,,204-667-5653,1400 Rothesay Street,Winnipeg,MB ,R2G 1V2,fitness
Sassy Nailz & Tropical Sun Tan Spa,,,204-663-5251,1513 Gateway Road,Winnipeg,MB ,R2G 3L4,spa
Concordia Physiotherapy And Sports Injury Clinic,,,204-663-5221,112-1100 Concordia Avenue,Winnipeg,MB ,R2K 4B8,physiotherapist
,,,204-663-4681,14-1530 Regent Avenue West,Winnipeg,MB ,R2C 4J5,fitness
Mcleod Chiropractic Clinic,,,204-663-1551,844 McLeod Avenue,Winnipeg,MB ,R2G 2T7,chiropractor
Eagle Eye Photography,,,204-663-0180,534 Shalom,St Clements,MB ,R2C 2Z2,eye
,,,204-663-0013,49 Henderson Highway,Winnipeg,MB ,R2L 1K9,eye
Spay & Neuter Clinic Of Winnipeg,,,204-661-9090,10H Keenleyside Street,Winnipeg,MB ,R2L 2B9,spa
Rosenberg Chiropractic Centre,,,204-661-8225,1600 Regent Avenue West,Winnipeg,MB ,R2C 3B5,chiropractor
Spa Lifestyle & Fashion Boutique,,,204-661-6111,2001 Henderson,North Kildonan,MB,,spa
Fitness City,,,204-661-3639,1199 Nairn Avenue,Winnipeg,MB ,R2L 0Y6,fitness
,,,204-661-3494,196 Henderson Highway,Winnipeg,MB ,R2L 1L8,eye
Cutting Edge Athletic Supplies,,,204-661-3343,935 Nairn Avenue,Winnipeg,MB ,R2L 0X9,fitness
Clearwater Pool & Spa,,,204-654-9944,22-1500 Regent Avenue West,Winnipeg,MB ,R2C 3A8,spa
Glen Young Physiotherapy Sports & Spine Injury Clinic,,,204-654-9917,1522 Regent Avenue West N,Winnipeg,MB ,R2C 3B4,physiotherapist
Birds Hill Physiotherapy,,,204-654-2080,3000 Bird's Hill Rd,Eat St Paul,MB ,R2E 1J5,physiotherapist
Kildonan Crossing Chiropractic Clinic,,,204-654-1175,645-1615 Regent Avenue West,Winnipeg,MB ,R2C 5C6,chiropractor
Pine Tree Physiotherapy,,,204-652-5755,335 Railway Av,Gillam,MB ,R0B 0L0,physiotherapist
Quiet Country Spa,,,204-648-6344,213C Main Street North,Dauphin,MB ,R7N 1C3,spa
,,,204-638-9642,139 2nd Avenue Ne,Dauphin,MB ,R7N 0Z6,yoga
Dauphin Chiropractic Centre,,,204-638-6642,21 2nd Avenue Ne,Dauphin,MB ,R7N 0Z5,chiropractor
Prairie View Family Chiropractic Center,,,204-638-6640,303 Main Street North,Dauphin,MB ,R7N 1C5,chiropractor
,,,204-638-4898,216 Main Street North,Dauphin,MB ,R7N 1C4,fitness
Kang's Taekwondo Academy,,,204-638-3265,201 Main Street North,Dauphin,MB ,R7N 1C3,martial+arts
Parkland Wellness Clinic,,,204-638-0554,215 3rd Avenue SW,Dauphin,MB ,R7N 1T4,acupuncture
,,,204-633-9102,1149 Keewatin Street,Winnipeg,MB ,R2X 2Z3,martial+arts
Nha Ca Beauty Spa,,,204-633-8594,55-2200 Mcphillips St,Winnipeg,MB ,R2V 3P4,spa
Nan Acupuncture Therapy Centre,,,204-633-6195,1368 McPhillips Street,Winnipeg,MB ,R2X 2M4,acupuncture
As You Like It Salon & Day Spa,,,204-633-3463,12-1099 Kingsbury Avenue,Winnipeg,MB ,R2P 2P9,spa
Lylan Crazy Style Nail & Spa,,,204-633-3439,7-2136 McPhillips Street,Winnipeg,MB ,R2V 3C8,spa
Maples Chiropractic,,,204-632-4080,1287 Jefferson Avenue,Winnipeg,MB ,R2P 1S7,chiropractor
Keewatin Park Chiropractic,,,204-632-0386,11-1030 Keewatin Street,Winnipeg,MB ,R2R 2E2,chiropractor
Adonis Mens Spa,,,204-589-6133,1060 Main Street,Winnipeg,MB ,R2W 3R7,spa
Ebony Eyes Hair & Beauty Salon,,,204-589-3937,562 Selkirk Avenue,Winnipeg,MB ,R2W 2M9,eye
Essenza Hair Spa,,,204-589-2933,797 McPhillips Street,Winnipeg,MB ,R2X 2J4,spa
Atlas Chiropractic Centre,,,204-586-9771,558 Selkirk Avenue,Winnipeg,MB ,R2W 2M9,chiropractor
,,,204-586-9555,330 Jarvis Avenue,Winnipeg,MB ,R2W 5L3,martial+arts
,,,204-586-8424,1080 Main Street,Winnipeg,MB ,R2W 5J3,chiropractor
Trans Canada Fitness,,,204-586-8005,413 McPhillips Street,Winnipeg,MB ,R2X 2Z8,fitness
Spanish Club of Winnipeg,,,204-586-7615,677 Selkirk Avenue,Winnipeg,MB ,R2W 2N4,spa
ThyThy Beauty Spa,,,204-586-2105,1531 Main Street,Winnipeg,MB ,R2W 3W3,spa
Full Time Fighter,,,204-582-6621,1072 Main Street,Winnipeg,MB ,R2W 5J3,martial+arts
,,,204-582-3700,1121 Manitoba Avenue,Winnipeg,MB ,R2X 0K6,eye
College Ave Chiropractic Centre,,,204-582-2381,980 McPhillips Street,Winnipeg,MB ,R2X 2K2,chiropractor
Henderson Vision Centre,,,204-582-2308,310-1695 Henderson Highway,Winnipeg,MB ,R2G 1P1,eye
Get Nailed Esthetics & Spa,,,204-571-9255,1700 Pacific Avenue,Brandon,MB ,R7A 7L9,spa
Westman Chiropractic Centre,,,204-571-3800,801B 10th Street,Brandon,MB ,R7A 4G9,chiropractor
Shilo Chiropractic Centre,,,204-571-1880,800 Rosser Av,Brandon,MB ,R7A 6N5,chiropractor
,,,204-571-0772,601 9th Street,Brandon,MB ,R7A 4B3,fitness
Fitness Fanatics,,,204-534-7130,703 South Railway St,Boissevain,MB ,R0K 0E0,fitness
Metamorphosis Salon & Spa,,,204-523-4247,530 Williams Av,Killarney,MB ,R0K 1G0,spa
,,,204-489-9403,2-1200 Waverley Street,Winnipeg,MB ,R3T 0P4,eye
,,,204-489-8192,16-1700 Corydon Avenue,Winnipeg,MB ,R3N 0K1,spa
Dinah's Canine Spa,,,204-489-7990,925 St Mary's Rd,St Vital,MB ,R2M 3R6,spa
,,,204-489-7225,5-25 Scurfield Boulevard,Winnipeg,MB ,R3Y 1G4,fitness
Kenaston Common Physiotherapy,,,204-489-4737,140-1580 Kenaston Boulevard,Winnipeg,MB ,R3P 0Y4,physiotherapist
Linden Ridge Chiropractic,,,204-489-1600,Suite Q-1765 Kenaston Blvd,Winnipeg,MB ,R3Y 1V8,chiropractor
Academy Massage Therapy,,,204-489-0449,561 Academy Road,Winnipeg,MB ,R3N 0E4,acupuncture
Whyte Ridge Physical Therapy And Sports Injury Clinic,,,204-489-0118,123 Scurfield Boulevard,Winnipeg,MB ,R3Y 1L6,acupuncture
Essentique Spa Salon,,,204-489-0100,545 Academy Road,Winnipeg,MB ,R3N 0E2,spa
International Martial Arts Centre,,,204-488-9856,1688 St James Street,Winnipeg,MB ,R3H 0L3,martial+arts
Kenaston Physiotherapy & Acupuncture Clinic,,,204-488-9811,206-530 Kenaston Boulevard,Winnipeg,MB ,R3N 1Z4,acupuncture
,,,204-488-8881,2-1190 Taylor Avenue,Winnipeg,MB ,R3M 3Z4,physiotherapist
Reh-Fit Centre,,,204-488-8023,1390 Taylor Avenue,Winnipeg,MB ,R3M 3V8,fitness
Impact Fitness Studio,,,204-488-7878,3-840 Waverley Street,Winnipeg,MB ,R3T 5Z7,fitness
Tonic Spa & Hair,,,204-488-7040,598 Corydon Avenue,Winnipeg,MB ,R3L 0P2,spa
,,,204-488-6611,181 Stradbrook Avenue,Winnipeg,MB ,R3L 0J4,fitness
Centre For Natural Medicine Of Manitoba,,,204-488-6528,1218 Lorette Avenue,Winnipeg,MB ,R3M 1W5,acupuncture
,,,204-488-4005,H-1765 Kenaston Blvd,Tuxedo,MB ,R3Y 1V8,fitness
Daye Chiropractic,,,204-488-3293,150 1600 Kenaston,Tuxedo,MB,,chiropractor
Court Sports Fitness Club,,,204-488-3025,1400 Taylor Avenue,Winnipeg,MB ,R3N 1Y6,fitness
Academy Optical,,,204-488-2800,1-525 Academy Road,Winnipeg,MB ,R3N 2A9,eye
Kenaston Family Chiropractic,,,204-488-2777,1869 Grant Avenue,Winnipeg,MB ,R3N 1Z2,chiropractor
European Skin Care Plus,,,204-488-1690,555 Academy Road,Winnipeg,MB ,R3N 0E4,eye
Forever Young Spa Boutique,,,204-488-1400,569 Academy Road,Winnipeg,MB ,R3N 0E4,spa
,,,204-488-0403,400 Academy Road,Winnipeg,MB ,R3N 0B8,eye
,,,204-488-0156,K-1765 Kenaston Blvd,Winnipeg,MB ,R3Y 1V8,eye
Natural Healing Veterinary Care,,,204-487-7738,1438 Corydon Avenue,Winnipeg,MB ,R3N 0J3,acupuncture
Serratus Personal Training,,,204-487-4253,11-1700 Corydon Avenue,Winnipeg,MB ,R3N 0K1,fitness
Waverley Eye Care Centre,,,204-487-1901,1200 Waverley Street,Winnipeg,MB ,R3T 0P4,eye
,,,204-487-1477,A-620 Academy Road,Winnipeg,MB ,R3N 0E6,spa
Goodlife Fitness Clubs,,,204-487-1449,143 Natureparkway,Tuxedo,MB,,fitness
,,,204-485-4059,371 Eveline Street,Selkirk,MB ,R1A 1N4,acupuncture
Souris River Chiropractic,,,204-483-7360,31 Crescent av W,Souris,MB ,R0K 2C0,chiropractor
New Life Family Chiropractic Centre,,,204-482-6116,360 Eveline Street,Selkirk,MB ,R1A 1N3,chiropractor
Red River Chiropractic Centre,,,204-482-4144,357 Main Street,Selkirk,MB ,R1A 1T5,chiropractor
,,,204-482-3200,353 Eveline Street,Selkirk,MB ,R1A 1N1,physiotherapist
,,,204-477-8390,1820 Arlington Street,Winnipeg,MB ,R2X 1W4,yoga
,,,204-477-7510,Suite 100-123B Doncaster,Winnipeg,MB ,R3N 2B3,fitness
Chiropractic Life Centre,,,204-477-5433,1431 Corydon Avenue,Winnipeg,MB ,R3N 0J2,chiropractor
Step Into Action Physiotherapy & Wellness Clinic,,,204-476-3742,525 Main St E,Neepawa,MB ,R0J 1H0,physiotherapist
Facial Fitness,,,204-475-9346,200-555 Hervo Street,Winnipeg,MB ,R3T 3L6,fitness
,,,204-475-9141,282 Tache Avenue,Winnipeg,MB ,R2H 2A2,martial+arts
A Votre Sante,,,204-475-7683,914 Corydon Ave,Winnipeg,MB ,R3M 0Y5,acupuncture
Lilac Naturopathic Clinic,,,204-475-4926,3-892 Corydon Avenue,Winnipeg,MB ,R3M 0Y4,naturopath
Hypnotic Salon Spa,,,204-475-3668,Suite 120-1600 Kenaston,Tuxedo,MB,,spa
Berns & Black Salons & Spa,,,204-475-3575,241 Lilac Street,Winnipeg,MB ,R3M 2S2,spa
Focus Chiropractic Centre,,,204-475-1876,A-236 Osborne Street B,Winnipeg,MB ,R3L 2W2,chiropractor
Advanced Massage & Laser Therapy Clinic,,,204-474-2020,Suite F-2020 Corydon Ave,Tuxedo,MB ,R3P 0N2,physiotherapist
Canteenwala Chiropractic Centre,,,204-474-2002,1456 Pembina Highway,Winnipeg,MB ,R3T 2C3,chiropractor
Munduruca Martial Arts & Fitness Centre,,,204-474-0999,5-2 Donald Street,Winnipeg,MB ,R3L 0K5,martial+arts
Seventh-Day Adventist,,,204-471-0131,214 Henderson Highway,Winnipeg,MB ,R2L 1L9,spa
Verve Physiotherapy,,,204-470-5726,301 Rita Street,Winnipeg,MB ,R3J 2Y3,physiotherapist
Action Eyecare Incorporated,,,204-467-9795,2-358 Main St,Stonewall,MB ,R0C 2Z0,eye
Quarry Physiotherapy Sports Injury & Rehab Clinic,,,204-467-9101,24-333 Main St,Stonewall,MB ,R0C 2Z0,acupuncture
Stonewall Chiropractic Centre,,,204-467-5523,425 Main St,Stonewall,MB ,R0C 2Z0,chiropractor
Ultimate Fitness,,,204-467-5221,469 1st St W,Stonewall,MB ,R0C 2Z0,fitness
Stony Mountain Fitness,,,204-461-1777,7 Hwy,Stony Mountain,MB ,R0C 3A0,fitness
Symmetry Massage Therapy,,,204-453-7286,286 Stradbrook Avenue,Winnipeg,MB ,R3L 0J6,acupuncture
,,,204-453-7162,440 Don Avenue,Winnipeg,MB ,R3L 0S4,fitness
,,,204-453-3334,3411 Roblin Boulevard,Winnipeg,MB ,R3R 0C6,fitness
,,,204-453-0075,301 Nassau Street North,Winnipeg,MB ,R3L 2J5,chiropractor
Stafford Street Hot Yoga,,,204-452-7412,677 Stafford Street,Winnipeg,MB ,R3M 2X7,yoga
Joint Effort Sports Injury Clinic,,,204-452-5632,4-2 Donald Street,Winnipeg,MB ,R3L 0K5,physiotherapist
Moksha Yoga Winnipeg,,,204-452-5535,7-2 Donald Street,Winnipeg,MB ,R3L 0K5,yoga
Bei Jing Physiotherapy Pain Clinic,,,204-452-3654,2810 Pembina Highway,Winnipeg,MB ,R3T 2H8,physiotherapist
,,,204-452-3285,B-702 Scotland Avenue,Winnipeg,MB ,R3M 1X5,fitness
Action Physiotherapy And Wellness Clinic,,,204-452-3070,4-1235 Pembina Highway,Winnipeg,MB ,R3T 2A9,physiotherapist
Donna Sarna Physiotherapy & Rehabilitation,,,204-452-2608,102-897 Corydon Avenue,Winnipeg,MB ,R3M 0W7,physiotherapist
Back In Motion Therapeutic Massage,,,204-452-1541,1088 Pembina Highway,Winnipeg,MB ,R3T 1Z9,acupuncture
,,,204-452-1106,201-1239 Manahan Avenue,Winnipeg,MB ,R3T 5S8,spa
SooZe Yoga,,,204-444-5621,203-449 Main Street RR 2,Oakbank,MB ,R0E 1J2,yoga
Oakbank Physiotherapy,,,204-444-2198,14-449 Main Street RR 2,Oakbank,MB ,R0E 1J2,physiotherapist
Vianda's Hair Spa,,,204-434-9119,26063 Road 29N,Grunthal,MB ,R0A 0R0,spa
Raylene's Wellness Spa,,,204-422-6234,Suite A-42099 Pr 210,Ste Anne,MB ,R5H 1A2,spa
Hawaii Spas & Nails,,,204-415-7724,4-1014 St Mary's Road,Winnipeg,MB ,R2M 3S6,spa
Snap Fitness,,,204-415-6337,591 St Anne's Road,Winnipeg,MB ,R2M 5A9,fitness
Sahara Oasis Spa,,,204-415-6001,220-1615 Regent Avenue West,Winnipeg,MB ,R2C 5C6,spa
Bhakti Yoga Studio,,,204-415-4344,288 Marion Street,Winnipeg,MB ,R2H 0T7,yoga
Zealous Medi Spa,,,204-415-3214,K-390 Provencher Boulevard,Winnipeg,MB ,R2H 0H1,spa
Voila Hair Studio Spa,,,204-415-1500,4-709 Corydon Avenue,Winnipeg,MB ,R3M 0W4,spa
Van Den Bussche Brent,,,204-415-1133,1574 Main Street,Winnipeg,MB ,R2W 5J8,chiropractor
Niverville Physiotherapy And Sport Injury Clinic,,,204-388-5217,100 Heritage Trail,Niverville,MB ,R0A 1E0,physiotherapist
,,,204-372-8777,130 Tache St,Fisher Branch,MB ,R0C 0Z0,spa
Esser Chiropractic Health Centre,,,204-367-4858,30 MacArthur,Pine Falls,MB ,R0E 1M0,chiropractor
Tracy's Day Spa,,,204-362-8481,39 Challenger Crescent,Winkler,MB ,R6W 1M4,spa
Spas Dean & Cheryl,,,204-348-2296,SW 26-13-11E,Seven Sisters Falls,MB ,R0E 1Y0,spa
Curves,,,204-346-2636,2-227 Main Street,Steinbach,MB ,R5G 1Y7,fitness
Pine Tree Physiotherapy,,,204-345-9239,9 Park av,Lac Du Bonnet,MB ,R0E 1A0,physiotherapist
Lac Du Bonnet Physiotherapy,,,204-345-9015,100 1st St,Lac Du Bonnet,MB ,R0E 1A0,physiotherapist
Main Physiotherapy & Wellness Clinic,,,204-339-8850,1835 Main Street,Winnipeg,MB ,R2V 2A4,physiotherapist
Pil Kim Martial Arts Centre,,,204-339-6881,2223 Henderson Highway,East St Paul,MB ,R2E 0B8,martial+arts
,,,204-339-6023,3132 Main Street,West St Paul,MB ,R2V 4R9,eye
,,,204-339-3883,1952 Main Street,Winnipeg,MB ,R2V 2B4,spa
Rage Hair & Body Spa,,,204-339-3637,8-2605 Main Street,Winnipeg,MB ,R2V 4W3,spa
Wiebe Chiropractic Centre,,,204-339-3600,101-1277 Henderson Highway,Winnipeg,MB ,R2G 1M3,chiropractor
Heavenly Bodies Fitness Centre,,,204-339-3488,2146 Main Street,Winnipeg,MB ,R2V 3S5,fitness
,,,204-339-1631,1919 Henderson Highway,Winnipeg,MB ,R2G 1P4,acupuncture
Special Eyes Vision Centres,,,204-338-7867,620 Leila Avenue,Winnipeg,MB ,R2V 3N7,eye
,,,204-338-7613,10A Keenleyside Street,Winnipeg,MB ,R2L 2B9,spa
Seven Oaks Chiropractic Centre,,,204-338-7057,1817 Main Street,Winnipeg,MB ,R2V 2A2,chiropractor
St Andrews Physiotherapy Sports Injury & Rehab Clinic,,,204-338-6561,354 River Road,St Andrews,MB ,R1A 3C9,physiotherapist
D'Arcy Bain Physiotherapy,,,204-338-0008,108-2110 Main Street,Winnipeg,MB ,R2V 2C2,physiotherapist
Riverbend Physiotherapy Sports Injury Centre,,,204-336-3200,10-2605 Main Street,Winnipeg,MB ,R2V 4W3,physiotherapist
North Kildonan Family Chiropractic,,,204-334-8383,1185 Henderson Highway,Winnipeg,MB ,R2G 1L7,chiropractor
,,,204-334-6303,3-2055 McPhillips Street,Winnipeg,MB ,R2V 3C6,chiropractor
Rebound Physiotherapy Rehabilitation Clinic,,,204-334-5500,103-1021 Court Avenue,Winnipeg,MB ,R2P 1V7,physiotherapist
,,,204-334-4359,1754 Main Street,Winnipeg,MB ,R2V 1Z7,physiotherapist
Rivergrove Chiropractic,,,204-334-4141,2539 Main St,Winnipeg,MB ,R2V 4G4,chiropractor
,,,204-334-3041,11-1050 Henderson Highway,Winnipeg,MB ,R2K 2M5,spa
Choi's Martial Arts Centre,,,204-334-1212,840 McLeod Avenue,Winnipeg,MB ,R2G 2T7,martial+arts
Steinbach Physiotherapy & Sports Injury Clinic,,,204-326-4480,40-333 Loewen Boulevard,Steinbach,MB ,R5G 0C3,acupuncture
Hairline Salon & Spa,,,204-326-1138,232 Reimer Av,Steinbach,MB ,R5G 1P5,spa
Health Meridian Healing Centre,,,204-297-7751,Suite 402-400 Tache,St Boniface,MB ,R2H 3C3,acupuncture
Guardian Dojo-Kyokushin Karate,,,204-292-9639,200 River Avenue,Winnipeg,MB ,R3L 0B2,martial+arts
Year 2000 Home Physiotherapy,,,204-291-4821,99 Radcliffe Road,Winnipeg,MB ,R3T 3H2,physiotherapist
Bluemoon Wellness Center,,,204-287-8978,684 Osborne Street,Winnipeg,MB ,R3L 2B9,yoga
Oxfords Salon Spa,,,204-287-8939,196 Osborne Street,Winnipeg,MB ,R3L 1Z3,spa
College Of Physiotherapists Of Manitoba,,,204-287-8502,209-675 Pembina Highway,Winnipeg,MB ,R3M 2L6,physiotherapist
Fort Garry Chiropractic Centre,,,204-287-8383,6-1235 Pembina Highway,Winnipeg,MB ,R3T 2A9,chiropractor
Posh Nails & Spa,,,204-287-8299,9-725 Corydon Avenue,Winnipeg,MB ,R3M 0W4,spa
Corydon Chiropractic Center,,,204-284-9218,104-897 Corydon Avenue,Winnipeg,MB ,R3M 0W7,chiropractor
,,,204-284-8877,1115 Corydon Avenue,Winnipeg,MB ,R3M 0X4,yoga
Grant Park Eye Clinic,,,204-284-8808,Grant Park Shopping Center,Winnipeg,MB ,R3M 2A6,eye
Eastern Healing Center,,,204-284-4047,1036 Portage Ave,Winnipeg,MB ,R3G 0S2,acupuncture
El Estudio Spanish Language Training Centre,,,204-284-3525,5-703 Corydon Avenue,Winnipeg,MB ,R3M 0W4,spa
,,,204-284-3360,301 Morley Avenue,Winnipeg,MB ,R3L 0Y4,yoga
,,,204-284-3343,16-5 Scurfield Boulevard,Winnipeg,MB ,R3Y 1G3,fitness
Grosvenor Chiropractic,,,204-284-2024,802A Grosvenor Avenue,Winnipeg,MB ,R3M 0N2,chiropractor
Hamilton Healing-Therapeutic Massage Centre,,,204-284-0775,721 Osborne Street,Winnipeg,MB ,R3L 2C1,physiotherapist
In Touch Day Spa & Beauty Supplies,,,204-275-8001,Suite 6B-1325 Markham,Winnipeg,MB ,R3T 4J6,spa
Posh Nails & Spa,,,204-275-6676,1749 Pembina Highway,Winnipeg,MB ,R3T 2G6,spa
Fort Richmond Physiotherapy & Sports Injury Centre,,,204-275-6582,30-2866 Pembina Highway,Winnipeg,MB ,R3T 2J1,physiotherapist
Tapper Chiropractic,,,204-275-5030,1-1325 Markham Road,Winnipeg,MB ,R3T 4J6,chiropractor
Markham Physiotherapy Clinic,,,204-275-3698,308-2265 Pembina Highway,Winnipeg,MB ,R3T 5J3,physiotherapist
,,,204-275-0269,8-2835 Pembina Highway,Winnipeg,MB ,R3T 4Z8,fitness
Second Sun Tan Spa,,,204-269-4545,1-2116 Pembina Highway,Winnipeg,MB ,R3T 2G8,spa
,,,204-269-1855,39 Point West Drive,Winnipeg,MB ,R3T 5G8,spa
,,,204-269-1700,1-1921 Pembina Highway B,Winnipeg,MB ,R3T 2G7,fitness
Beausejour Chiropractic & Nutrition Centre,,,204-268-3533,420 Park av E,Beausejour,MB ,R0E 0C0,chiropractor
Beausejour Physiotherapy Clinic,,,204-268-2302,418 Park av,Beausejour,MB ,R0E 0C0,physiotherapist
,,,204-261-8735,1-812 Grosvenor Avenue,Winnipeg,MB ,R3M 0N2,physiotherapist
,,,204-261-7747,1739 Pembina Highway,Winnipeg,MB ,R3T 2G6,eye
Pembina Physiotherapy & Sports Injury Clinic,,,204-261-7190,11-2077 Pembina Highway,Winnipeg,MB ,R3T 5J9,physiotherapist
Willim-Choi Martial Arts Centre,,,204-261-4279,244 Dalhousie Drive,Winnipeg,MB ,R3T 2Z1,martial+arts
,,,204-261-3081,19 Bernfield Bay,Winnipeg,MB ,R3T 5T7,spa
,,,204-261-0174,3551 Pembina Highway,Winnipeg,MB ,R3V 1A5,martial+arts
,,,204-261-0099,1875 Pembina Highway,Winnipeg,MB ,R3T 2G7,fitness
Richmond Family Chiropractic Centre,,,204-261-0043,2750 Pembina Highway I,Winnipeg,MB ,R3T 2H8,chiropractor
Southdale Eye Centre,,,204-257-9990,120-115 Vermillion Road,Winnipeg,MB ,R2J 4A9,eye
Dakota Chiropractic,,,204-257-7685,1056 St Mary's Rd,Winnipeg,MB ,R2M 3S9,chiropractor
D'Arcy Bain Physiotherapy,,,204-257-7678,4-827 Dakota Street,Winnipeg,MB ,R2M 5M2,physiotherapist
Urban Retreat Day Spa,,,204-257-7600,444 St Anne's Road,Winnipeg,MB ,R2M 3C8,spa
Blink Eyecare,,,204-257-3112,40 Lakewood Blvd,St Boniface,MB ,R2J 2M6,eye
Dinah's Canine Spa,,,204-257-2859,925 St Mary's Road,Winnipeg,MB ,R2M 3R6,spa
Performance Chiropractic-Health And Wellness Centre,,,204-257-2850,1-1500 Dakota Street,Winnipeg,MB ,R2N 3Y7,chiropractor
Thornton Chiropractic Center,,,204-257-2246,2-485 St Anne's Road,Winnipeg,MB ,R2M 3E2,chiropractor
Aloha Beauty & Spa,,,204-257-0207,12-1504 St Mary's Road,Winnipeg,MB ,R2M 3V7,spa
,,,204-256-5619,43 Kingsway,Winnipeg,MB ,R3M 0G2,yoga
Winnipeg Reflexology Etc,,,204-256-3338,771 St Mary's Road,Winnipeg,MB ,R2M 3N8,acupuncture
Definitive Fitness,,,204-256-2333,415 St Anne's Road,Winnipeg,MB ,R2M 3C4,fitness
Active Chiropractic And Massage,,,204-256-2273,5-414 Westmount Drive,Winnipeg,MB ,R2J 1P2,chiropractor
,,,204-255-7771,113-1225 St Mary's Road,Winnipeg,MB ,R2M 5E5,spa
Botticelli Salon Spa,,,204-255-7770,St Vital Shopping Center,Winnipeg,MB ,R2M 5E5,spa
Meadowood Chiropractic,,,204-255-6666,1549 St Mary'S Rd,Winnipeg,MB ,R2M 5G9,chiropractor
Fitness Edge For Women,,,204-255-6600,1645 St Mary's Road,Winnipeg,MB ,R2N 3W1,fitness
Young Nails & Day Spa,,,204-255-6515,110-115 Vermillion Road,Winnipeg,MB ,R2J 4A9,spa
,,,204-255-6104,1589 St Mary's Road,Winnipeg,MB ,R2M 3W3,spa
Puro Salon Spa,,,204-255-3926,60 St Anne's Road,Winnipeg,MB ,R2M 2Y5,spa
,,,204-255-1440,767 St Mary's Road,Winnipeg,MB ,R2M 3N8,chiropractor
Physio Source The - Windsor Park,,,204-255-1002,1073 Autumnwood Drive,Winnipeg,MB ,R2J 1C6,physiotherapist
St Vital Physiotherapy And Sports Injury Centre,,,204-255-0597,1555 St Mary'S Rd,Winnipeg,MB ,R2M 5L9,physiotherapist
,,,204-255-0296,308 St Anne's Road,Winnipeg,MB ,R2M 4Z5,chiropractor
South Winnipeg Eye Centre,,,204-254-8011,5-1500 Dakota Street,Winnipeg,MB ,R2N 3Y7,eye
Hastings Family Chiropractic,,,204-254-5555,8-1014 St Mary's Road,Winnipeg,MB ,R2M 3S6,chiropractor
Balance Chiropractic,,,204-254-1728,121 St Anne's Road,Winnipeg,MB ,R2M 2Z1,chiropractor
Family First Chiropractic,,,204-254-1313,589 St Anne's Rd,St Vital,MB ,R2M 5A9,chiropractor
,,,204-254-0130,Suite 12-845 Dakota St,St Vital,MB ,R2M 5M2,chiropractor
Bae's Martial Arts Training Centre,,,204-253-7825,200-851 Lagimodiere Boulevard,Winnipeg,MB ,R2J 3K4,martial+arts
,,,204-253-7225,157 St Anne's Road,Winnipeg,MB ,R2M 2Z5,eye
On The Mark Physiotherapy,,,204-253-6275,211 Academy Road,Winnipeg,MB ,R3M 0E3,physiotherapist
,,,204-253-6184,47 Trafford Park,Winnipeg,MB ,R2M 4Z7,yoga
NorthStar Physiotherapy Centre,,,204-253-6117,8-877 Waverley Street,Winnipeg,MB ,R3T 5V3,physiotherapist
Vista Place Physiotherapy & Sports Injury Centre,,,204-253-2165,1631 St Mary's Road,Winnipeg,MB ,R2N 1Z4,physiotherapist
South Winnipeg Physiotherapy,,,204-253-1385,9-484 St Anne's Road,Winnipeg,MB ,R2M 3E1,physiotherapist
Eye Lab Optical,,,204-253-1313,1584 St Mary's Road,Winnipeg,MB ,R2M 3W4,eye
Giselle's The Spa Specialist,,,204-253-0900,30-166 Meadowood Drive,Winnipeg,MB ,R2M 5G8,spa
Village Health Spa,,,204-253-0748,725 Corydon Avenue,Winnipeg,MB ,R3M 0W4,spa
,,,204-253-0588,130-50 Lakewood Boulevard,Winnipeg,MB ,R2J 2M6,physiotherapist
Physiotherapie Notre Dame Physiotherapy,,,204-248-2588,283 Notre Dame Ave W,Notre Dame De Lourdes,MB ,R0G 1M0,physiotherapist
Armstrong Family Chiropractic Center,,,204-239-1226,326 Saskatchewan Av E,Portage La Prairie,MB ,R1N 0K8,chiropractor
,,,204-237-1922,470 rue St Jean Baptiste,Winnipeg,MB ,R2H 2X7,spa
,,,204-237-1804,19 St Anne's Rd,Winnipeg,MB ,R2M 2Y1,spa
Tache Chiropractic Health Centre,,,204-237-0059,678 Tache Avenue,Winnipeg,MB ,R2H 2B7,chiropractor
Hunter Physiotherapy & Massage,,,204-235-1982,390 Provencher Boulevard L,Winnipeg,MB ,R2H 0H1,physiotherapist
,,,204-235-1245,219 Provencher Boulevard,Winnipeg,MB ,R2H 0G4,fitness
,,,204-235-0904,600 Mission Street,Winnipeg,MB ,R2J 0A2,fitness
Chenier Chiropractic Centre,,,204-235-0704,1-213 St Mary's Road,Winnipeg,MB ,R2H 1J2,chiropractor
,,,204-235-0331,4-353 Provencher Boulevard,Winnipeg,MB ,R2H 0G8,spa
Bohemier Chiropractic Centre,,,204-233-3060,154 Provencher Boulevard,Winnipeg,MB ,R2H 0G3,chiropractor
Doug Christie Physiotherapy,,,204-233-0419,1-400 Tache Ave,Winnipeg,MB ,R2H 3C3,physiotherapist
Norwood Chiropractic Centre,,,204-231-5666,2-3 St Mary's Road,Winnipeg,MB ,R2H 1H2,chiropractor
Level Hair And Spa,,,204-231-4204,155 Provencher Boulevard,Winnipeg,MB ,R2H 0G2,spa
Iron Fist Tae Kwon Do,,,204-231-3633,675 Archibald Street,Winnipeg,MB ,R2J 0Y1,fitness
,,,204-231-3258,112 Marion Street,Winnipeg,MB ,R2H 0T1,spa
Spade Development,,,204-231-2955,23021 Mission58N,Springfield,MB,,spa
Dynamic Medicine Naturopathic Clinic,,,204-231-2510,155 Provencher Blvd,St Boniface,MB ,R2H 0G2,naturopath
Holistic Therapist,,,204-229-6222,999 St Anne's Road,Winnipeg,MB ,R2N 4G5,yoga
,,,204-224-4015,138-701 Regent Avenue West,Winnipeg,MB ,R2C 1S3,physiotherapist
,,,204-224-2791,2954 Day Street,Winnipeg,MB ,R2C 2Z2,spa
Training Camp Fitness,,,204-224-2267,160-50 Lakewood Boulevard,Winnipeg,MB ,R2J 2M6,fitness
Village Yoga,,,204-222-9645,106 Osborne Street,Winnipeg,MB ,R3L 1Y5,yoga
Yoga Centre Winnipeg,,,204-222-9642,1065 Ellice Avenue,Winnipeg,MB ,R3G 0E1,yoga
Moorhead Chiropractic Office,,,204-222-2969,501 Regent Avenue West,Winnipeg,MB ,R2C 1R9,chiropractor
,,,204-222-1323,B-232 Regent Avenue West,Winnipeg,MB ,R2C 1R2,spa
Second Look Aesthetic Clinic,,,204-221-9854,C-729 Corydon Avenue,Winnipeg,MB ,R3M 0W4,acupuncture
,,,204-221-0998,724 St Mary's Road,Winnipeg,MB ,R2M 3N2,spa